<measure>
  <schema_version>3.0</schema_version>
  <name>btap_ideal_air_loads_measure</name>
  <uid>b01d7a54-7061-4c52-9cde-e89aed93f8a2</uid>
  <version_id>a43900cf-43eb-4a69-bb88-36947ebd9d78</version_id>
  <version_modified>20181219T170132Z</version_modified>
  <xml_checksum>ED6112BA</xml_checksum>
  <class_name>BTAPIdealAirLoadsMeasure</class_name>
  <display_name>BTAPIdealAirLoadsMeasure</display_name>
  <description>This measure will remove all HVAC and apply ideal air loads and remove outdoor air.</description>
  <modeler_description>This measure will remove all HVAC and apply ideal air loads and remove outdoor air.</modeler_description>
  <arguments/>
  <outputs/>
  <provenances/>
  <tags>
    <tag>HVAC.Whole System</tag>
  </tags>
  <attributes>
    <attribute>
      <name>Measure Type</name>
      <value>ModelMeasure</value>
      <datatype>string</datatype>
    </attribute>
  </attributes>
  <files>
    <file>
      <filename>example_model.osm</filename>
      <filetype>osm</filetype>
      <usage_type>test</usage_type>
      <checksum>53D14E69</checksum>
    </file>
    <file>
      <filename>test.rb</filename>
      <filetype>rb</filetype>
      <usage_type>test</usage_type>
      <checksum>A6362D7E</checksum>
    </file>
    <file>
      <version>
        <software_program>OpenStudio</software_program>
        <identifier>2.4.1</identifier>
        <min_compatible>2.4.1</min_compatible>
      </version>
      <filename>measure.rb</filename>
      <filetype>rb</filetype>
      <usage_type>script</usage_type>
      <checksum>02F797BD</checksum>
    </file>
    <file>
      <filename>BTAPMeasureHelper.rb</filename>
      <filetype>rb</filetype>
      <usage_type>resource</usage_type>
      <checksum>17C3D1F2</checksum>
    </file>
  </files>
</measure>
